{"cameraMode":{"drawMode":0,"name":"Shaded","section":"Shading Mode"},"sceneLighting":false,"audioPlay":false,"sceneViewState":{"m_AlwaysRefresh":false,"showFog":true,"showSkybox":false,"showFlares":true,"showImageEffects":true,"showParticleSystems":true,"showVisualEffectGraphs":true,"m_FxEnabled":true},"in2DMode":false,"pivot":{"x":-0.15524299442768098,"y":-0.32483217120170596,"z":0.09940718859434128},"rotation":{"x":-0.004703326616436243,"y":-0.8525429964065552,"z":-0.007673104293644428,"w":0.5225791335105896},"size":0.8200612664222717,"orthographic":false}